{
  "method": "inverse_freq",
  "smooth": 1.0,
  "weights": {
    "0": 0.1368187136131713,
    "1": 0.16268197362235925,
    "2": 0.9095665014517941,
    "3": 0.1061549911260463,
    "4": 0.576991504154159,
    "5": 0.18898734064025133,
    "6": 0.18657737689171772,
    "7": 0.12519150782529617,
    "8": 0.15149113996453756,
    "9": 0.9095665014517941,
    "10": 0.49384775482975013,
    "11": 0.16413978337088778,
    "12": 0.11138650793746979,
    "13": 0.4618693897049775,
    "14": 0.18205869486321724,
    "15": 0.12563972210736843,
    "16": 0.9095665014517941,
    "17": 1.325285248073838,
    "18": 0.4618693897049775,
    "19": 0.3275602561809326,
    "20": 0.3275602561809326,
    "21": 0.0965372183902322,
    "22": 0.35527483928906883,
    "23": 0.12227613174279058,
    "24": 0.20940861240414116,
    "25": 0.2292994615248131,
    "26": 5.066753967672232,
    "27": 0.22485327172136885,
    "28": 0.9095665014517941,
    "29": 0.10411142987158402,
    "30": 0.11680051952138479,
    "31": 0.3715775352350314,
    "32": 0.152586097154938,
    "33": 0.10911425640313811,
    "34": 0.10569047207215118,
    "35": 0.12431998005460003,
    "36": 0.4344593624551724,
    "37": 0.25015055853406926,
    "38": 0.09695400805474223,
    "39": 0.11970088286991067,
    "40": 0.13064084988628025,
    "41": 0.5316403681590268,
    "42": 0.30488468818336656,
    "43": 0.2776740065862873,
    "44": 2.5724414879399697,
    "45": 0.19414354214874177,
    "46": 0.12431998005460003,
    "47": 0.13481792820162133,
    "48": 0.7017071281407721,
    "49": 0.132353192549712,
    "50": 0.11868693470741787,
    "51": 1.0758540001006116,
    "52": 0.100105329615039,
    "53": 0.10990368947818095,
    "54": 0.576991504154159,
    "55": 1.0758540001006116,
    "56": 0.12752133453903824,
    "57": 5.066753967672232,
    "58": 0.9095665014517941,
    "59": 0.7017071281407721,
    "60": 2.5724414879399697,
    "61": 0.11277223709287659,
    "62": 0.11535755268132214,
    "63": 0.12752133453903824,
    "64": 0.22066114990669272,
    "65": 0.2628928955952813,
    "66": 0.11935731365782631,
    "67": 0.7017071281407721,
    "68": 0.1437688103059237,
    "69": 5.066753967672232,
    "70": 0.4107040055053413,
    "71": 0.25629418533143933,
    "72": 0.13751740058228398,
    "73": 0.1061549911260463,
    "74": 1.0758540001006116,
    "75": 0.11401839640529281,
    "76": 5.066753967672232,
    "77": 1.325285248073838,
    "78": 0.12752133453903824,
    "79": 5.066753967672232,
    "80": 0.09865832902854794,
    "81": 5.066753967672232,
    "82": 0.10246376410753325,
    "83": 0.2292994615248131,
    "84": 0.12389620967068357,
    "85": 0.11401839640529281,
    "86": 0.09066324177420006,
    "87": 0.15149113996453756,
    "88": 0.4107040055053413,
    "89": 0.1437688103059237,
    "90": 2.5724414879399697,
    "91": 5.066753967672232,
    "92": 0.09832587039177319,
    "93": 0.29502574557572914,
    "94": 5.066753967672232,
    "95": 5.066753967672232,
    "96": 0.09832587039177319,
    "97": 0.10438492904699326,
    "98": 0.7907897167026385,
    "99": 0.4344593624551724,
    "100": 0.0916850542932077,
    "101": 0.4618693897049775,
    "102": 0.1779015073969968,
    "103": 0.16721159676957278,
    "104": 1.741003994695882,
    "105": 0.4107040055053413,
    "106": 0.22485327172136885,
    "107": 5.066753967672232,
    "108": 0.12656226024134243,
    "109": 0.09146757761803923,
    "110": 0.49384775482975013,
    "111": 0.13294906270731646,
    "112": 1.0758540001006116,
    "113": 0.4107040055053413,
    "114": 1.741003994695882,
    "115": 5.066753967672232,
    "116": 5.066753967672232,
    "117": 0.12150835568131084,
    "118": 0.5316403681590268,
    "119": 1.741003994695882,
    "120": 2.5724414879399697,
    "121": 0.18205869486321724,
    "122": 0.15859070110229542,
    "123": 5.066753967672232,
    "124": 1.325285248073838,
    "125": 1.0758540001006116,
    "126": 0.6324206703704314,
    "127": 0.6324206703704314,
    "128": 0.3275602561809326,
    "129": 0.9095665014517941,
    "130": 0.11253331827297887,
    "131": 0.30488468818336656,
    "132": 0.09475775807258803,
    "133": 1.0758540001006116,
    "134": 2.5724414879399697,
    "135": 5.066753967672232,
    "136": 0.23905239399688455,
    "137": 0.17051095190149376,
    "138": 0.4344593624551724,
    "139": 0.1150817856852213,
    "140": 5.066753967672232,
    "141": 0.15731353137380988,
    "142": 0.15990974524810833,
    "143": 0.11680051952138479,
    "144": 0.3406882166005761,
    "145": 0.1504279206637139,
    "146": 0.17051095190149376,
    "147": 1.325285248073838,
    "148": 0.25629418533143933,
    "149": 5.066753967672232,
    "150": 0.3715775352350314,
    "151": 0.14741546597804692,
    "152": 0.10509454852913615,
    "153": 5.066753967672232,
    "154": 5.066753967672232,
    "155": 1.741003994695882,
    "156": 1.741003994695882,
    "157": 0.1335581744239788,
    "158": 0.1688312801979704,
    "159": 1.325285248073838,
    "160": 0.14554285901128095,
    "161": 1.741003994695882,
    "162": 0.18657737689171772,
    "163": 0.9095665014517941,
    "164": 0.11935731365782631,
    "165": 1.0758540001006116,
    "166": 0.7017071281407721,
    "167": 5.066753967672232,
    "168": 0.315682577706017,
    "169": 0.2292994615248131,
    "170": 0.7017071281407721,
    "171": 0.09972478725300725,
    "172": 2.5724414879399697,
    "173": 0.13064084988628025,
    "174": 0.16268197362235925,
    "175": 0.1842699647920579,
    "176": 0.576991504154159,
    "177": 0.2340235381909727,
    "178": 0.14646633641954912,
    "179": 1.325285248073838,
    "180": 2.5724414879399697,
    "181": 0.10438492904699326,
    "182": 0.4618693897049775,
    "183": 1.0758540001006116,
    "184": 0.21670192374838756,
    "185": 0.25629418533143933,
    "186": 0.11772126979075806,
    "187": 0.12519150782529617,
    "188": 0.10371170030752434,
    "189": 0.14741546597804692,
    "190": 2.5724414879399697,
    "191": 0.1504279206637139,
    "192": 0.20604246870679668,
    "193": 0.1779015073969968,
    "194": 0.11350932706915681,
    "195": 0.576991504154159,
    "196": 0.2444165068565238,
    "197": 0.16268197362235925,
    "198": 0.29502574557572914,
    "199": 5.066753967672232,
    "200": 0.15149113996453756,
    "201": 0.11277223709287659,
    "202": 5.066753967672232,
    "203": 0.5316403681590268,
    "204": 0.1063133300125906,
    "205": 0.10970258390051973,
    "206": 0.4344593624551724,
    "207": 0.09492572524294036,
    "208": 0.10930791420435956,
    "209": 0.3715775352350314,
    "210": 0.3275602561809326,
    "211": 5.066753967672232,
    "212": 0.11376204363245289,
    "213": 0.1560762731993395,
    "214": 0.12475167138027193,
    "215": 0.17051095190149376,
    "216": 0.4618693897049775,
    "217": 0.11277223709287659,
    "218": 0.1061549911260463,
    "219": 0.15731353137380988,
    "220": 0.6324206703704314,
    "221": 0.3715775352350314,
    "222": 0.17051095190149376,
    "223": 0.13613627517822402,
    "224": 0.35527483928906883,
    "225": 0.14554285901128095,
    "226": 0.49384775482975013,
    "227": 5.066753967672232,
    "228": 0.2776740065862873,
    "229": 0.3406882166005761,
    "230": 5.066753967672232,
    "231": 0.19414354214874177,
    "232": 0.10800101395300282,
    "233": 0.09731602728256984,
    "234": 5.066753967672232,
    "235": 0.12150835568131084,
    "236": 0.10480614702837221,
    "237": 0.15371423486625968,
    "238": 0.2444165068565238,
    "239": 0.09891494553880846,
    "240": 0.2859883815187282,
    "241": 5.066753967672232,
    "242": 5.066753967672232,
    "243": 0.10332408376055743,
    "244": 0.12475167138027193,
    "245": 1.325285248073838,
    "246": 0.0936216323054222,
    "247": 0.4618693897049775,
    "248": 0.9095665014517941,
    "249": 0.6324206703704314,
    "250": 0.0965372183902322,
    "251": 0.4107040055053413,
    "252": 1.325285248073838,
    "253": 0.3275602561809326,
    "254": 2.5724414879399697,
    "255": 5.066753967672232,
    "256": 5.066753967672232,